Steps,Policy/Entropy,Environment/Episode Length,Policy/Extrinsic Value Estimate,Environment/Cumulative Reward,Policy/Extrinsic Reward,Is Training
10000,2.0792952,99.0,-0.015446379,-16.282828282828284,-16.282828282828284,1.0
20000,2.0792966,99.0,-0.018508295,-14.195,-14.195,1.0
30000,2.0736315,99.0,-0.16581875,-13.095,-13.095,1.0
40000,2.0725405,99.0,-0.20180301,-15.295,-15.295,1.0
50000,2.066442,99.0,-0.39922792,-16.595,-16.595,1.0
60000,2.0655732,99.0,-0.46907204,-16.52,-16.52,1.0
70000,2.061905,99.0,-0.59122217,-12.47,-12.47,1.0
80000,2.0569112,99.0,-0.61679643,-11.64,-11.64,1.0
90000,2.053932,99.0,-0.73633325,-13.32,-13.32,1.0
100000,2.0538652,99.0,-0.8681252,-14.075,-14.075,1.0
110000,2.0381424,99.0,-0.9843157,-12.66,-12.66,1.0
120000,2.03783,99.0,-0.9655756,-10.435,-10.435,1.0
130000,2.0282304,99.0,-1.0127537,-12.055,-12.055,1.0
140000,2.0155816,99.0,-1.1380203,-12.09,-12.09,1.0
150000,2.0135732,99.0,-1.1613712,-10.33,-10.33,1.0
160000,1.9999323,99.0,-1.1977828,-6.84,-6.84,1.0
170000,1.987076,99.0,-1.2475415,-7.915,-7.915,1.0
180000,1.9811888,99.0,-1.2494576,-5.68,-5.68,1.0
190000,1.9752061,99.0,-1.5197891,-10.375,-10.375,1.0
200000,1.9741291,99.0,-1.5077552,-8.17,-8.17,1.0
210000,1.958548,99.0,-1.4857904,-7.855,-7.855,1.0
220000,1.9250219,99.0,-1.6988115,-8.11,-8.11,1.0
230000,1.9263626,99.0,-1.6365998,-6.825,-6.825,1.0
240000,1.8920693,99.0,-1.7019174,-5.41,-5.41,1.0
250000,1.9012424,99.0,-1.7953819,-7.235,-7.235,1.0
260000,1.9046416,99.0,-1.8526857,-5.915,-5.915,1.0
270000,1.8867067,99.0,-2.0312274,-8.47,-8.47,1.0
280000,1.8679757,99.0,-2.0388799,-5.075,-5.075,1.0
290000,1.8725575,99.0,-1.7518681,-3.245,-3.245,1.0
300000,1.8767027,99.0,-1.9219948,-5.63,-5.63,1.0
310000,1.8725463,99.0,-1.9132153,-3.985,-3.985,1.0
320000,1.8456796,99.0,-1.9380189,-5.395,-5.395,1.0
330000,1.8399296,99.0,-1.8656571,-3.145,-3.145,1.0
340000,1.8374332,99.0,-1.8743658,-5.0,-5.0,1.0
350000,1.8419778,99.0,-2.017036,-3.985,-3.985,1.0
360000,1.8243339,99.0,-1.5897502,-2.745,-2.745,1.0
370000,1.8160543,99.0,-1.8440672,-3.415,-3.415,1.0
380000,1.791688,99.0,-2.133908,-2.065,-2.065,1.0
390000,1.796009,99.0,-2.0827165,-3.095,-3.095,1.0
400000,1.776526,99.0,-2.0808358,-3.42,-3.42,1.0
410000,1.7669032,99.0,-2.287549,-2.84,-2.84,1.0
420000,1.7813804,99.0,-1.8991143,-1.88,-1.88,1.0
430000,1.7574621,99.0,-2.0126846,-2.84,-2.84,1.0
440000,1.730997,99.0,-1.7870469,-2.71,-2.71,1.0
450000,1.738652,99.0,-1.9559889,-1.21,-1.21,1.0
460000,1.7364388,99.0,-1.6471896,-2.15,-2.15,1.0
470000,1.7249314,99.0,-1.6354849,-1.415,-1.415,1.0
480000,1.7311141,99.0,-1.8107276,-1.47,-1.47,1.0
490000,1.7093475,99.0,-1.6736188,-2.5,-2.5,1.0
500000,1.7022045,99.0,-1.590266,-0.855,-0.855,1.0
510000,1.6958103,99.0,-1.6621367,-1.96,-1.96,1.0
520000,1.6907722,99.0,-1.8190079,-1.96,-1.96,1.0
530000,1.6848255,99.0,-1.7274735,-1.845,-1.845,1.0
540000,1.6906524,99.0,-1.5304642,-1.2,-1.2,1.0
550000,1.660054,99.0,-1.4347283,-0.255,-0.255,1.0
560000,1.644747,99.0,-1.4071234,-1.17,-1.17,1.0
570000,1.6613861,99.0,-1.4723636,-0.59,-0.59,1.0
580000,1.6301283,99.0,-1.6315864,-1.795,-1.795,1.0
590000,1.6535279,99.0,-1.2834827,-0.63,-0.63,1.0
600000,1.591234,99.0,-1.5346543,-1.86,-1.86,1.0
610000,1.6416879,99.0,-1.3098217,-0.8,-0.8,1.0
620000,1.637405,99.0,-1.2133704,-0.905,-0.905,1.0
630000,1.6119049,99.0,-1.0882534,-0.16,-0.16,1.0
640000,1.5905093,99.0,-1.2160927,-0.145,-0.145,1.0
650000,1.6218157,99.0,-0.9507933,-1.05,-1.05,1.0
660000,1.5945562,99.0,-1.0375333,-0.415,-0.415,1.0
670000,1.615611,99.0,-0.947049,-0.58,-0.58,1.0
680000,1.5719352,99.0,-0.9848335,-0.945,-0.945,1.0
690000,1.5673119,99.0,-0.8968152,-0.85,-0.85,1.0
700000,1.5632317,99.0,-0.9818587,-0.36,-0.36,1.0
710000,1.5480443,99.0,-0.892936,-0.69,-0.69,1.0
720000,1.565561,99.0,-0.791575,-0.89,-0.89,1.0
730000,1.5596665,99.0,-0.76800215,-0.32,-0.32,1.0
740000,1.5568411,99.0,-0.74523425,-0.47,-0.47,1.0
750000,1.5902047,99.0,-0.64906454,-0.425,-0.425,1.0
760000,1.5714424,99.0,-0.7842189,-1.21,-1.21,1.0
770000,1.5936168,99.0,-0.56617415,-0.125,-0.125,1.0
780000,1.5764053,99.0,-0.65246254,-0.155,-0.155,1.0
790000,1.5647931,99.0,-0.79297423,-0.99,-0.99,1.0
800000,1.5658237,99.0,-0.7092772,-0.9,-0.9,1.0
810000,1.567786,99.0,-0.72233474,-0.235,-0.235,1.0
820000,1.5947493,99.0,-0.68969375,-0.68,-0.68,1.0
830000,1.5737641,99.0,-0.60263944,-0.43,-0.43,1.0
840000,1.5871022,99.0,-0.5151601,-0.185,-0.185,1.0
850000,1.5602989,99.0,-0.6439124,-0.95,-0.95,1.0
860000,1.573404,99.0,-0.55573785,-0.89,-0.89,1.0
870000,1.5787504,99.0,-0.4929984,-0.245,-0.245,1.0
880000,1.5567191,99.0,-0.5199599,-0.125,-0.125,1.0
890000,1.5366699,99.0,-0.4902396,0.09,0.09,1.0
900000,1.5630994,99.0,-0.36876053,-0.065,-0.065,1.0
910000,1.5324472,99.0,-0.4193547,-0.67,-0.67,1.0
920000,1.5378174,99.0,-0.37512523,-0.775,-0.775,1.0
930000,1.499885,99.0,-0.3621101,-0.215,-0.215,1.0
940000,1.481938,99.0,-0.38359943,-0.07,-0.07,1.0
950000,1.501556,99.0,-0.46237105,-0.235,-0.235,1.0
960000,1.5020777,99.0,-0.3183988,-0.025,-0.025,1.0
970000,1.4770297,99.0,-0.3987633,-0.02,-0.02,1.0
980000,1.4242676,99.0,-0.32107,-0.46,-0.46,1.0
990000,1.4117737,99.0,-0.43800366,-0.815,-0.815,1.0
1000000,1.4749308,99.0,-0.23657969,-0.465,-0.465,1.0
1010000,1.4587667,99.0,-0.31040555,-0.465,-0.465,1.0
1020000,1.4220645,99.0,-0.27200365,-0.03,-0.03,1.0
1030000,1.41436,99.0,-0.25764173,-0.165,-0.165,1.0
1040000,1.3813109,99.0,-0.22246219,-0.345,-0.345,1.0
1050000,1.4042559,99.0,-0.22547524,0.06,0.06,1.0
1060000,1.4091332,99.0,-0.2129953,-0.175,-0.175,1.0
1070000,1.4362745,99.0,-0.2217338,0.195,0.195,1.0
1080000,1.3515213,99.0,-0.16947827,0.015,0.015,1.0
1090000,1.3737574,99.0,-0.13594536,0.15,0.15,1.0
1100000,1.3723259,99.0,-0.09446127,0.095,0.095,1.0
1110000,1.3862574,99.0,-0.071442865,-1.025,-1.025,1.0
1120000,1.3925729,99.0,-0.10460946,-0.095,-0.095,1.0
1130000,1.3874215,99.0,-0.12639163,0.26,0.26,1.0
1140000,1.3885263,99.0,-0.11054696,-0.395,-0.395,1.0
1150000,1.3793122,99.0,-0.08342998,-0.165,-0.165,1.0
1160000,1.3037922,99.0,-0.12842485,-0.51,-0.51,1.0
1170000,1.343882,99.0,-0.11481517,-0.27,-0.27,1.0
1180000,1.3494618,99.0,-0.096184045,-0.72,-0.72,1.0
1190000,1.3373935,99.0,-0.13883364,0.095,0.095,1.0
1200000,1.3774875,99.0,-0.05727558,0.195,0.195,1.0
1210000,1.2725571,99.0,-0.11676682,0.04,0.04,1.0
1220000,1.3183317,99.0,-0.111243755,-0.05,-0.05,1.0
1230000,1.3242083,99.0,-0.04078913,0.185,0.185,1.0
1240000,1.2638105,99.0,-0.0767421,0.01,0.01,1.0
1250000,1.2797042,99.0,0.005738978,0.135,0.135,1.0
1260000,1.268969,99.0,0.007285641,-0.18,-0.18,1.0
1270000,1.2684311,99.0,-0.021521118,-0.255,-0.255,1.0
1280000,1.2889565,99.0,-0.009467969,0.0,0.0,1.0
1290000,1.1882392,99.0,-0.004917257,0.07,0.07,1.0
1300000,1.2557876,99.0,-0.025573146,-0.35,-0.35,1.0
1310000,1.173638,99.0,-0.050481785,0.11,0.11,1.0
1320000,1.2108964,99.0,-0.045190096,0.125,0.125,1.0
1330000,1.2086581,99.0,0.034246445,0.1,0.1,1.0
1340000,1.2173901,99.0,-0.019975437,0.045,0.045,1.0
1350000,1.2034577,99.0,-0.011805174,-0.425,-0.425,1.0
1360000,1.2649386,99.0,0.009191191,-0.185,-0.185,1.0
1370000,1.2030632,99.0,0.013306792,0.145,0.145,1.0
1380000,1.2116544,99.0,0.02140619,0.025,0.025,1.0
1390000,1.1898756,99.0,0.018907478,-0.49,-0.49,1.0
1400000,1.201127,99.0,0.015337305,0.12,0.12,1.0
1410000,1.1566678,99.0,0.03518683,0.08,0.08,1.0
1420000,1.1467438,99.0,0.029973041,0.065,0.065,1.0
1430000,1.1887516,99.0,0.036993448,0.07,0.07,1.0
1440000,1.1748325,99.0,0.03472728,-0.2,-0.2,1.0
1450000,1.141497,99.0,0.026910348,-0.17,-0.17,1.0
1460000,1.1711508,99.0,0.03311848,0.11,0.11,1.0
1470000,1.107402,99.0,0.015810035,0.13,0.13,1.0
1480000,1.1531153,99.0,0.03359309,0.14,0.14,1.0
1490000,1.186328,99.0,0.046763387,0.185,0.185,1.0
1500000,1.1894156,99.0,0.05309257,0.19,0.19,1.0
1510000,1.1548222,99.0,0.05776205,-0.385,-0.385,1.0
1520000,1.1902621,99.0,0.013493216,0.22,0.22,1.0
1530000,1.1708852,99.0,0.016833158,-0.105,-0.105,1.0
1540000,1.1583433,99.0,0.037325073,0.1,0.1,1.0
1550000,1.1554885,99.0,0.06669329,0.17,0.17,1.0
1560000,1.1680665,99.0,0.051945545,0.13,0.13,1.0
1570000,1.174311,99.0,0.049227208,0.07,0.07,1.0
1580000,1.1970605,99.0,0.08938292,0.085,0.085,1.0
1590000,1.1867654,99.0,0.051873296,-0.04,-0.04,1.0
1600000,1.166927,99.0,0.05946488,-0.165,-0.165,1.0
1610000,1.1693858,99.0,0.034715876,-0.26,-0.26,1.0
1620000,1.1655588,99.0,0.029587692,0.05,0.05,1.0
1630000,1.162258,99.0,0.058430433,0.125,0.125,1.0
1640000,1.1628844,99.0,0.04151791,-0.05,-0.05,1.0
1650000,1.1574326,99.0,0.04657287,0.12,0.12,1.0
1660000,1.093722,99.0,0.06762779,0.03,0.03,1.0
1670000,1.1407743,99.0,0.04430236,0.03,0.03,1.0
1680000,1.1947528,99.0,0.047537338,0.24,0.24,1.0
1690000,1.1480739,99.0,0.06728189,-0.185,-0.185,1.0
1700000,1.1284578,99.0,0.055735897,-0.015,-0.015,1.0
1710000,1.1416664,99.0,0.06386743,0.015,0.015,1.0
1720000,1.1701444,99.0,0.06548542,0.09,0.09,1.0
1730000,1.216141,99.0,0.08540201,0.155,0.155,1.0
1740000,1.1634135,99.0,0.0934005,-0.045,-0.045,1.0
1750000,1.1749824,99.0,0.082872,0.025,0.025,1.0
1760000,1.1708555,99.0,0.08525375,-0.115,-0.115,1.0
1770000,1.15558,99.0,0.077411205,0.14,0.14,1.0
1780000,1.1750374,99.0,0.07001075,-0.205,-0.205,1.0
1790000,1.2319065,99.0,0.0535457,-0.18,-0.18,1.0
1800000,1.1420714,99.0,0.05912071,-0.115,-0.115,1.0
1810000,1.1660868,99.0,0.047761403,-0.125,-0.125,1.0
1820000,1.1553851,99.0,0.06921432,0.065,0.065,1.0
1830000,1.1929082,99.0,0.044904962,0.13,0.13,1.0
1840000,1.1455435,99.0,0.066251375,0.085,0.085,1.0
1850000,1.1026542,99.0,0.07524961,0.09,0.09,1.0
1860000,1.0987118,99.0,0.053967882,-0.27,-0.27,1.0
1870000,1.1498368,99.0,0.060723525,0.03,0.03,1.0
1880000,1.1705029,99.0,0.08103094,0.12,0.12,1.0
1890000,1.1307826,99.0,0.064964436,-0.14,-0.14,1.0
1900000,1.0814508,99.0,0.07795241,-0.08,-0.08,1.0
1910000,1.0528715,99.0,0.08162696,0.0,0.0,1.0
1920000,1.0926515,99.0,0.072889626,0.0,0.0,1.0
1930000,1.0568788,99.0,0.068313144,0.055,0.055,1.0
1940000,1.0898398,99.0,0.06215453,0.01,0.01,1.0
1950000,1.0796977,99.0,0.07037008,0.08,0.08,1.0
1960000,1.067459,99.0,0.08922636,-0.06,-0.06,1.0
1970000,1.0379683,99.0,0.07422072,0.05,0.05,1.0
1980000,1.1165069,99.0,0.080012366,0.075,0.075,1.0
1990000,1.0434693,99.0,0.07726992,-0.025,-0.025,1.0
2000000,1.0713199,99.0,0.08748033,-0.04,-0.04,1.0
2010000,1.1175418,99.0,0.0687401,0.06,0.06,1.0
2020000,1.0612358,99.0,0.06911986,0.03,0.03,1.0
2030000,1.05366,99.0,0.07870784,-0.39,-0.39,1.0
2040000,1.1106694,99.0,0.09222406,-0.095,-0.095,1.0
2050000,1.1051224,99.0,0.07697529,0.03,0.03,1.0
2060000,1.0895385,99.0,0.07115353,-0.165,-0.165,1.0
2070000,1.1238432,99.0,0.07440147,0.0,0.0,1.0
2080000,1.1046637,99.0,0.07020187,-0.11,-0.11,1.0
2090000,1.123207,99.0,0.071167015,-0.15,-0.15,1.0
2100000,1.0947639,99.0,0.06972743,-0.155,-0.155,1.0
2110000,1.0672531,99.0,0.06083419,-0.135,-0.135,1.0
2120000,1.0912081,99.0,0.069528386,0.02,0.02,1.0
2130000,1.0902162,99.0,0.061117932,-0.07,-0.07,1.0
2140000,1.0739194,99.0,0.058552872,-0.285,-0.285,1.0
2150000,1.1222706,99.0,0.06482425,-0.11,-0.11,1.0
2160000,1.083132,99.0,0.041922882,-0.105,-0.105,1.0
2170000,1.13308,99.0,0.04748779,-0.315,-0.315,1.0
2180000,1.1257468,99.0,0.050256815,-0.055,-0.055,1.0
2190000,1.1219579,99.0,0.05915804,-0.06,-0.06,1.0
2200000,1.1555735,99.0,0.04872498,-0.08,-0.08,1.0
2210000,1.2133877,99.0,0.04536763,-0.065,-0.065,1.0
2220000,1.1272156,99.0,0.054100346,-0.095,-0.095,1.0
2230000,1.1527033,99.0,0.050708596,-0.11,-0.11,1.0
2240000,1.0921882,99.0,0.04575045,-0.21,-0.21,1.0
2250000,1.1018738,99.0,0.044096965,-0.05,-0.05,1.0
2260000,1.1100668,99.0,0.057719927,-0.09,-0.09,1.0
2270000,1.0941235,99.0,0.053352345,-0.13,-0.13,1.0
2280000,1.079255,99.0,0.055048395,-0.135,-0.135,1.0
2290000,1.102665,99.0,0.052447747,-0.22,-0.22,1.0
2300000,1.0958982,99.0,0.046722434,-0.095,-0.095,1.0
2310000,1.1115221,99.0,0.050183095,-0.12,-0.12,1.0
2320000,1.0738167,99.0,0.040601674,-0.12,-0.12,1.0
2330000,1.0751008,99.0,0.044198424,-0.11,-0.11,1.0
2340000,1.0713654,99.0,0.0525535,-0.065,-0.065,1.0
2350000,1.055684,99.0,0.049485847,-0.16,-0.16,1.0
2360000,1.0960811,99.0,0.037718274,-0.055,-0.055,1.0
2370000,1.0667014,99.0,0.044579495,-0.235,-0.235,1.0
2380000,1.0779481,99.0,0.047571145,-0.175,-0.175,1.0
2390000,1.0656626,99.0,0.05118063,-0.145,-0.145,1.0
2400000,1.1075191,99.0,0.03492072,-0.14,-0.14,1.0
2410000,1.0789464,99.0,0.047352906,-0.22,-0.22,1.0
2420000,1.1221774,99.0,0.037873372,-0.32,-0.32,1.0
2430000,1.0819542,99.0,0.0397599,-0.095,-0.095,1.0
2440000,1.086192,99.0,0.034044236,-0.125,-0.125,1.0
2450000,1.057145,99.0,0.047718763,-0.095,-0.095,1.0
2460000,1.0515611,99.0,0.059496254,-0.14,-0.14,1.0
2470000,1.0906948,99.0,0.043844007,-0.125,-0.125,1.0
2480000,1.066847,99.0,0.052918054,-0.09,-0.09,1.0
2490000,1.0429116,99.0,0.047756232,-0.07,-0.07,1.0
2500000,1.0727745,99.0,0.05591224,-0.085,-0.085,1.0
2510000,1.054278,99.0,0.06262273,-0.21,-0.21,1.0
2520000,1.017634,99.0,0.06692584,-0.145,-0.145,1.0
2530000,1.0988158,99.0,0.06345638,-0.245,-0.245,1.0
2540000,1.0677413,99.0,0.06262201,-0.045,-0.045,1.0
2550000,1.0412196,99.0,0.04550983,-0.29,-0.29,1.0
2560000,1.0860054,99.0,0.052890822,-0.05,-0.05,1.0
2570000,1.0771726,99.0,0.040542826,-0.035,-0.035,1.0
2580000,1.059629,99.0,0.03853748,-0.29,-0.29,1.0
2590000,1.0679265,99.0,0.034180943,-0.085,-0.085,1.0
2600000,1.0388321,99.0,0.03782026,-0.195,-0.195,1.0
2610000,1.1026485,99.0,0.03146265,-0.055,-0.055,1.0
2620000,1.0877539,99.0,0.01902815,-0.05,-0.05,1.0
2630000,1.120144,99.0,0.024530115,-0.03,-0.03,1.0
2640000,1.1339183,99.0,0.024100117,-0.055,-0.055,1.0
2650000,1.082539,99.0,0.03266115,-0.295,-0.295,1.0
2660000,1.0291897,99.0,0.038655866,-0.09,-0.09,1.0
2670000,1.0908029,99.0,0.028970685,-0.035,-0.035,1.0
2680000,1.1305736,99.0,0.033637665,-0.07,-0.07,1.0
2690000,1.1422722,99.0,0.041194286,-0.105,-0.105,1.0
2700000,1.0725389,99.0,0.03235329,-0.24,-0.24,1.0
2710000,1.1326241,99.0,0.0433316,-0.115,-0.115,1.0
2720000,1.1018935,99.0,0.03998503,-0.155,-0.155,1.0
2730000,1.1073217,99.0,0.03502511,-0.14,-0.14,1.0
2740000,1.112542,99.0,0.0305726,-0.075,-0.075,1.0
2750000,1.1172903,99.0,0.032242782,-0.225,-0.225,1.0
2760000,1.2097807,99.0,0.028644325,-0.115,-0.115,1.0
2770000,1.1569022,99.0,0.021899045,-0.17,-0.17,1.0
2780000,1.1833214,99.0,0.027632294,-0.135,-0.135,1.0
2790000,1.1366442,99.0,0.022907421,-0.055,-0.055,1.0
2800000,1.1814694,99.0,0.026437502,-0.235,-0.235,1.0
2810000,1.1936256,99.0,0.0199324,-0.195,-0.195,1.0
2820000,1.1328341,99.0,0.019262597,-0.14,-0.14,1.0
2830000,1.1699005,99.0,0.0114378575,-0.065,-0.065,1.0
2840000,1.1761854,99.0,0.02141532,-0.27,-0.27,1.0
2850000,1.1466473,99.0,0.02630822,-0.085,-0.085,1.0
2860000,1.1511275,99.0,0.023108514,-0.05,-0.05,1.0
2870000,1.152837,99.0,0.016727285,-0.15,-0.15,1.0
2880000,1.1879879,99.0,0.009746965,-0.11,-0.11,1.0
2890000,1.1930759,99.0,0.01606205,-0.105,-0.105,1.0
2900000,1.1670642,99.0,0.02403134,-0.195,-0.195,1.0
2910000,1.1729823,99.0,0.021203443,-0.425,-0.425,1.0
2920000,1.1468707,99.0,0.006529754,-0.19,-0.19,1.0
2930000,1.1018494,99.0,-0.0030822896,-0.24,-0.24,1.0
2940000,1.1591712,99.0,0.014023049,-0.155,-0.155,1.0
2950000,1.2337412,99.0,-0.0035330874,-0.045,-0.045,1.0
2960000,1.1661296,99.0,0.014034724,-0.175,-0.175,1.0
2970000,1.1364765,99.0,0.0072284294,-0.13,-0.13,1.0
2980000,1.1353296,99.0,0.020785714,-0.195,-0.195,1.0
2990000,1.1349505,99.0,0.010297993,-0.415,-0.415,1.0
3000000,1.1406883,99.0,0.0036410624,-0.34,-0.34,1.0
3010000,1.1290089,99.0,0.009328782,-0.19,-0.19,1.0
3020000,1.1866771,99.0,-0.016007088,-0.2,-0.2,1.0
3030000,1.1789443,99.0,-0.011573451,-0.21,-0.21,1.0
3040000,1.1579194,99.0,-0.007860095,-0.155,-0.155,1.0
3050000,1.1315147,99.0,-0.009126748,-0.25,-0.25,1.0
3060000,1.1451104,99.0,-0.0073383125,-0.25,-0.25,1.0
3070000,1.1470317,99.0,0.00670916,-0.24,-0.24,1.0
3080000,1.1306596,99.0,-0.006617755,-0.235,-0.235,1.0
3090000,1.156886,99.0,-0.012596219,-0.145,-0.145,1.0
3100000,1.1453049,99.0,0.003129315,-0.205,-0.205,1.0
3110000,1.1913387,99.0,-0.005442586,-0.185,-0.185,1.0
3120000,1.1653882,99.0,0.0077593257,-0.275,-0.275,1.0
3130000,1.1927905,99.0,0.0107447645,-0.15,-0.15,1.0
3140000,1.1374607,99.0,0.008183772,-0.18,-0.18,1.0
3150000,1.1863121,99.0,0.011902695,-0.2,-0.2,1.0
3160000,1.1847383,99.0,0.015269674,-0.045,-0.045,1.0
3170000,1.1655335,99.0,0.0012018877,-0.25,-0.25,1.0
3180000,1.1497705,99.0,0.019535469,-0.21,-0.21,1.0
3190000,1.1365429,99.0,0.013461593,-0.065,-0.065,1.0
3200000,1.1508398,99.0,0.005406395,-0.235,-0.235,1.0
3210000,1.1385632,99.0,-0.00043943926,-0.23,-0.23,1.0
3220000,1.1341076,99.0,0.015527203,-0.26,-0.26,1.0
3230000,1.1695198,99.0,0.0057632206,-0.24,-0.24,1.0
3240000,1.1740401,99.0,0.007876703,-0.205,-0.205,1.0
3250000,1.1936564,99.0,0.00976402,-0.16,-0.16,1.0
3260000,1.1417606,99.0,0.0011169752,-0.325,-0.325,1.0
3270000,1.1398703,99.0,0.008324961,-0.28,-0.28,1.0
3280000,1.1543524,99.0,0.016328307,-0.285,-0.285,1.0
3290000,1.141826,99.0,0.0057972865,-0.31,-0.31,1.0
3300000,1.177282,99.0,0.019645637,-0.31,-0.31,1.0
3310000,1.1621737,99.0,0.025515106,-0.25,-0.25,1.0
3320000,1.1758984,99.0,0.0065963175,-0.27,-0.27,1.0
3330000,1.1597008,99.0,0.011911968,-0.24,-0.24,1.0
3340000,1.1543316,99.0,0.022508688,-0.46,-0.46,1.0
3350000,1.2250993,99.0,0.012774356,-0.32,-0.32,1.0
3360000,1.2087239,99.0,0.013755274,-0.165,-0.165,1.0
3370000,1.210761,99.0,0.020402236,-0.265,-0.265,1.0
3380000,1.158693,99.0,0.017167404,-0.46,-0.46,1.0
3390000,1.2078421,99.0,0.011318199,-0.24,-0.24,1.0
3400000,1.2238597,99.0,0.014960054,-0.23,-0.23,1.0
3410000,1.2009453,99.0,0.012881037,-0.275,-0.275,1.0
3420000,1.1852266,99.0,0.023743598,-0.3,-0.3,1.0
3430000,1.250952,99.0,0.026751924,-0.175,-0.175,1.0
3440000,1.2211396,99.0,0.0230874,-0.37,-0.37,1.0
3450000,1.2229657,99.0,0.01765262,-0.255,-0.255,1.0
3460000,1.2401416,99.0,0.032002818,-0.205,-0.205,1.0
3470000,1.2688205,99.0,0.0205083,-0.285,-0.285,1.0
3480000,1.1911205,99.0,0.025769517,-0.26,-0.26,1.0
3490000,1.2212518,99.0,0.028023407,-0.18,-0.18,1.0
3500000,1.1811948,99.0,0.02864956,-0.31,-0.31,1.0
3510000,1.1755902,99.0,0.029051483,-0.395,-0.395,1.0
3520000,1.2150035,99.0,0.03126866,-0.215,-0.215,1.0
3530000,1.2133844,99.0,0.018119503,-0.52,-0.52,1.0
3540000,1.1589757,99.0,0.010295467,-0.32,-0.32,1.0
3550000,1.1956902,99.0,0.013728472,-0.44,-0.44,1.0
3560000,1.2551411,99.0,-0.010273887,-0.38,-0.38,1.0
3570000,1.2013195,99.0,-0.0049217134,-0.37,-0.37,1.0
3580000,1.2267808,99.0,-0.0015498933,-0.285,-0.285,1.0
3590000,1.2342476,99.0,-0.0071694376,-0.415,-0.415,1.0
3600000,1.1893151,99.0,-0.0013669956,-0.28,-0.28,1.0
3610000,1.2286248,99.0,-0.0020092619,-0.49,-0.49,1.0
3620000,1.2017932,99.0,-0.025012558,-0.44,-0.44,1.0
3630000,1.2089899,99.0,-0.030559793,-0.405,-0.405,1.0
3640000,1.2493732,99.0,-0.025624432,-0.31,-0.31,1.0
3650000,1.1903752,99.0,-0.033845965,-0.345,-0.345,1.0
3660000,1.2285686,99.0,-0.022962997,-0.395,-0.395,1.0
3670000,1.218847,99.0,-0.024272755,-0.28,-0.28,1.0
3680000,1.2525836,99.0,-0.026675558,-0.345,-0.345,1.0
3690000,1.2427535,99.0,-0.021720536,-0.32,-0.32,1.0
3700000,1.2865787,99.0,-0.016675113,-0.285,-0.285,1.0
3710000,1.2522535,99.0,-0.013757839,-0.635,-0.635,1.0
3720000,1.359958,99.0,-0.023950929,-0.325,-0.325,1.0
3730000,1.2624397,99.0,-0.02873713,-0.245,-0.245,1.0
3740000,1.2660232,99.0,-0.03212707,-0.365,-0.365,1.0
3750000,1.2978518,99.0,-0.03119139,-0.33,-0.33,1.0
3760000,1.2636145,99.0,-0.021615224,-0.305,-0.305,1.0
3770000,1.2639847,99.0,-0.035468094,-0.525,-0.525,1.0
3780000,1.3263978,99.0,-0.029677128,-0.37,-0.37,1.0
3790000,1.3017093,99.0,-0.02782177,-0.315,-0.315,1.0
3800000,1.334394,99.0,-0.038231872,-0.385,-0.385,1.0
3810000,1.3085282,99.0,-0.025454996,-0.39,-0.39,1.0
3820000,1.3677497,99.0,-0.039859183,-0.49,-0.49,1.0
3830000,1.3852568,99.0,-0.057721745,-0.35,-0.35,1.0
3840000,1.2706785,99.0,-0.041384812,-0.385,-0.385,1.0
3850000,1.3985213,99.0,-0.040798023,-0.215,-0.215,1.0
3860000,1.3527918,99.0,-0.03683451,-0.365,-0.365,1.0
3870000,1.2992151,99.0,-0.01619217,-0.36,-0.36,1.0
3880000,1.339447,99.0,-0.016088858,-0.27,-0.27,1.0
3890000,1.3368927,99.0,-0.03400953,-0.37,-0.37,1.0
3900000,1.3282909,99.0,-0.01852247,-0.255,-0.255,1.0
3910000,1.326592,99.0,-0.0032180324,-0.4,-0.4,1.0
3920000,1.3295974,99.0,-0.007881668,-0.295,-0.295,1.0
3930000,1.2871717,99.0,-0.00796347,-0.375,-0.375,1.0
3940000,1.3271601,99.0,-0.010180739,-0.335,-0.335,1.0
3950000,1.3583516,99.0,-0.017184276,-0.53,-0.53,1.0
3960000,1.3336731,99.0,-0.023880625,-0.365,-0.365,1.0
3970000,1.3786119,99.0,-0.027389033,-0.275,-0.275,1.0
3980000,1.3261769,99.0,-0.04074129,-0.34,-0.34,1.0
3990000,1.3423396,99.0,-0.04774118,-0.705,-0.705,1.0
4000000,1.2720385,99.0,-0.023679512,-0.625,-0.625,1.0
4010000,1.2797031,99.0,-0.035604313,-0.405,-0.405,1.0
4020000,1.3050857,99.0,-0.037939895,-0.365,-0.365,1.0
4030000,1.3034381,99.0,-0.045047756,-0.47,-0.47,1.0
4040000,1.3010743,99.0,-0.044198226,-0.36,-0.36,1.0
4050000,1.286826,99.0,-0.037077755,-0.395,-0.395,1.0
4060000,1.322365,99.0,-0.04040602,-0.35,-0.35,1.0
4070000,1.2789625,99.0,-0.05153705,-0.435,-0.435,1.0
4080000,1.3019216,99.0,-0.04414768,-0.355,-0.355,1.0
4090000,1.3000848,99.0,-0.03898571,-0.33,-0.33,1.0
4100000,1.3735875,99.0,-0.047759954,-0.38,-0.38,1.0
4110000,1.2176557,99.0,-0.039432112,-0.44,-0.44,1.0
4120000,1.2395239,99.0,-0.03195181,-0.375,-0.375,1.0
4130000,1.2926514,99.0,-0.04007677,-0.395,-0.395,1.0
4140000,1.2742931,99.0,-0.034879595,-0.355,-0.355,1.0
4150000,1.3072888,99.0,-0.033387173,-0.465,-0.465,1.0
4160000,1.2897227,99.0,-0.04128136,-0.4,-0.4,1.0
4170000,1.286723,99.0,-0.03349711,-0.385,-0.385,1.0
4180000,1.341999,99.0,-0.028806796,-0.335,-0.335,1.0
4190000,1.3242198,99.0,-0.0135646,-0.585,-0.585,1.0
4200000,1.3318763,99.0,-0.029323852,-0.455,-0.455,1.0
4210000,1.2869631,99.0,-0.0066138995,-0.27,-0.27,1.0
4220000,1.3536748,99.0,-0.016663112,-0.43,-0.43,1.0
4230000,1.3045257,99.0,-0.03612569,-0.39,-0.39,1.0
4240000,1.3256332,99.0,-0.016954578,-0.34,-0.34,1.0
4250000,1.3363622,99.0,-0.024349976,-0.36,-0.36,1.0
4260000,1.319591,99.0,-0.015839668,-0.465,-0.465,1.0
4270000,1.2976086,99.0,-0.0024488396,-0.535,-0.535,1.0
4280000,1.3118675,99.0,-0.009399232,-0.485,-0.485,1.0
4290000,1.3084028,99.0,-0.025080182,-0.66,-0.66,1.0
4300000,1.3247544,99.0,-0.01498317,-0.425,-0.425,1.0
4310000,1.3981612,99.0,-0.025853794,-0.42,-0.42,1.0
4320000,1.2979228,99.0,-0.0203845,-0.475,-0.475,1.0
4330000,1.3476329,99.0,-0.01569367,-0.38,-0.38,1.0
4340000,1.2868981,99.0,-0.030047884,-0.42,-0.42,1.0
4350000,1.395822,99.0,-0.035265572,-0.4,-0.4,1.0
4360000,1.3462421,99.0,-0.020320857,-0.295,-0.295,1.0
4370000,1.3456663,99.0,-0.023278458,-0.48,-0.48,1.0
4380000,1.341024,99.0,-0.03196783,-0.425,-0.425,1.0
4390000,1.3786077,99.0,-0.019578882,-0.27,-0.27,1.0
4400000,1.3293618,99.0,-0.027028527,-0.56,-0.56,1.0
4410000,1.3457925,99.0,-0.02350672,-0.28,-0.28,1.0
4420000,1.3648039,99.0,-0.015229943,-0.545,-0.545,1.0
4430000,1.3423479,99.0,-0.030544555,-0.705,-0.705,1.0
4440000,1.3426725,99.0,-0.024751458,-0.78,-0.78,1.0
4450000,1.4081279,99.0,-0.008433074,-0.345,-0.345,1.0
4460000,1.3721972,99.0,-0.02517007,-0.375,-0.375,1.0
4470000,1.3428062,99.0,-0.020045716,-0.4,-0.4,1.0
4480000,1.371201,99.0,-0.016814783,-0.39,-0.39,1.0
4490000,1.4295957,99.0,-0.030884353,-0.4,-0.4,1.0
4500000,1.3220489,99.0,-0.019613706,-0.51,-0.51,1.0
4510000,1.4303124,99.0,-0.026916904,-0.38,-0.38,1.0
4520000,1.3161904,99.0,-0.044373404,-0.495,-0.495,1.0
4530000,1.4326907,99.0,-0.03590298,-0.365,-0.365,1.0
4540000,1.3903638,99.0,-0.038237967,-0.445,-0.445,1.0
4550000,1.3913846,99.0,-0.035621848,-0.495,-0.495,1.0
4560000,1.3719366,99.0,-0.030295357,-0.46,-0.46,1.0
4570000,1.3670765,99.0,-0.02747798,-0.66,-0.66,1.0
4580000,1.3822297,99.0,-0.041220598,-0.435,-0.435,1.0
4590000,1.3652995,99.0,-0.053395204,-0.425,-0.425,1.0
4600000,1.3757389,99.0,-0.045176588,-0.475,-0.475,1.0
4610000,1.3320479,99.0,-0.06220342,-0.82,-0.82,1.0
4620000,1.3164798,99.0,-0.061412014,-0.53,-0.53,1.0
4630000,1.3601071,99.0,-0.057108067,-0.465,-0.465,1.0
4640000,1.3892577,99.0,-0.06224615,-0.445,-0.445,1.0
4650000,1.3847407,99.0,-0.06813125,-0.405,-0.405,1.0
4660000,1.3344363,99.0,-0.056432895,-0.445,-0.445,1.0
4670000,1.3680073,99.0,-0.059739485,-0.47,-0.47,1.0
4680000,1.3548077,99.0,-0.06279163,-0.755,-0.755,1.0
4690000,1.3914765,99.0,-0.045881428,-0.605,-0.605,1.0
4700000,1.344682,99.0,-0.060840197,-0.545,-0.545,1.0
4710000,1.3601401,99.0,-0.058104634,-0.465,-0.465,1.0
4720000,1.4109875,99.0,-0.0525066,-0.53,-0.53,1.0
4730000,1.3834859,99.0,-0.08157159,-0.63,-0.63,1.0
4740000,1.3580297,99.0,-0.0628533,-0.45,-0.45,1.0
4750000,1.4222001,99.0,-0.059963193,-0.695,-0.695,1.0
4760000,1.4303396,99.0,-0.087451786,-0.94,-0.94,1.0
4770000,1.3709062,99.0,-0.0871268,-0.505,-0.505,1.0
4780000,1.4283639,99.0,-0.08650604,-0.395,-0.395,1.0
4790000,1.3918666,99.0,-0.09673431,-0.54,-0.54,1.0
4800000,1.4005499,99.0,-0.09628596,-0.6,-0.6,1.0
4810000,1.3774432,99.0,-0.08413588,-0.45,-0.45,1.0
4820000,1.3896227,99.0,-0.0931227,-0.66,-0.66,1.0
4830000,1.2998004,99.0,-0.07764549,-0.56,-0.56,1.0
4840000,1.3704319,99.0,-0.07300171,-0.51,-0.51,1.0
4850000,1.4082303,99.0,-0.080073975,-0.685,-0.685,1.0
4860000,1.3859296,99.0,-0.09746095,-0.59,-0.59,1.0
4870000,1.3989968,99.0,-0.09718935,-0.575,-0.575,1.0
4880000,1.3982906,99.0,-0.11914067,-0.72,-0.72,1.0
4890000,1.3857934,99.0,-0.10847095,-0.58,-0.58,1.0
4900000,1.4148332,99.0,-0.10374043,-0.6,-0.6,1.0
4910000,1.3718991,99.0,-0.113329954,-0.595,-0.595,1.0
4920000,1.4072508,99.0,-0.107426755,-0.555,-0.555,1.0
4930000,1.448689,99.0,-0.116999075,-0.615,-0.615,1.0
4940000,1.320063,99.0,-0.12479395,-0.64,-0.64,1.0
4950000,1.4047452,99.0,-0.11794523,-0.9,-0.9,1.0
4960000,1.4224416,99.0,-0.13651685,-0.725,-0.725,1.0
4970000,1.3722622,99.0,-0.13387457,-0.68,-0.68,1.0
4980000,1.3569343,99.0,-0.13840319,-0.595,-0.595,1.0
4990000,1.3552706,99.0,-0.13263318,-0.535,-0.535,1.0
5000000,1.3268622,99.0,-0.15797491,-0.75,-0.75,1.0
5010000,1.3210092,99.0,-0.14729528,-0.68,-0.68,1.0
5020000,1.3591805,99.0,-0.14868207,-0.585,-0.585,1.0
5030000,1.4014932,99.0,-0.16607639,-0.765,-0.765,1.0
5040000,1.4485675,99.0,-0.16247196,-0.555,-0.555,1.0
5050000,1.3400447,99.0,-0.15576716,-0.7,-0.7,1.0
5060000,1.4202827,99.0,-0.16617306,-0.675,-0.675,1.0
5070000,1.357836,99.0,-0.1514715,-0.645,-0.645,1.0
5080000,1.4037324,99.0,-0.14557818,-0.555,-0.555,1.0
5090000,1.3703673,99.0,-0.1660664,-0.585,-0.585,1.0
5100000,1.3270283,99.0,-0.15116724,-0.665,-0.665,1.0
5110000,1.4337398,99.0,-0.14762673,-0.66,-0.66,1.0
5120000,1.3975205,99.0,-0.1692069,-0.625,-0.625,1.0
5130000,1.338216,99.0,-0.14940219,-0.655,-0.655,1.0
5140000,1.4056029,99.0,-0.1470162,-0.6,-0.6,1.0
5150000,1.3451447,99.0,-0.15731736,-0.69,-0.69,1.0
5160000,1.3705168,99.0,-0.15389901,-0.605,-0.605,1.0
5170000,1.3378404,99.0,-0.13651891,-0.66,-0.66,1.0
5180000,1.3707356,99.0,-0.15249212,-0.675,-0.675,1.0
5190000,1.3862145,99.0,-0.13388735,-0.65,-0.65,1.0
5200000,1.3918693,99.0,-0.1389164,-0.6,-0.6,1.0
5210000,1.4121876,99.0,-0.14475764,-0.7,-0.7,1.0
5220000,1.3770407,99.0,-0.13885817,-0.615,-0.615,1.0
5230000,1.4132596,99.0,-0.14308928,-0.61,-0.61,1.0
5240000,1.3715798,99.0,-0.15368271,-0.69,-0.69,1.0
5250000,1.3599936,99.0,-0.13958766,-0.595,-0.595,1.0
5260000,1.3631489,99.0,-0.13658321,-0.8,-0.8,1.0
5270000,1.4461216,99.0,-0.16229826,-0.665,-0.665,1.0
5280000,1.334254,99.0,-0.15740642,-0.655,-0.655,1.0
5290000,1.4274253,99.0,-0.1520999,-0.66,-0.66,1.0
5300000,1.3981531,99.0,-0.18396516,-0.675,-0.675,1.0
5310000,1.4095068,99.0,-0.15229008,-0.63,-0.63,1.0
5320000,1.4058456,99.0,-0.15387061,-0.96,-0.96,1.0
5330000,1.3844573,99.0,-0.15810516,-0.63,-0.63,1.0
5340000,1.3760029,99.0,-0.16056055,-0.605,-0.605,1.0
5350000,1.3923185,99.0,-0.17114869,-0.62,-0.62,1.0
5360000,1.3576412,99.0,-0.16138963,-0.595,-0.595,1.0
5370000,1.2961377,99.0,-0.14468355,-0.645,-0.645,1.0
5380000,1.3731151,99.0,-0.13546228,-0.55,-0.55,1.0
5390000,1.3181341,99.0,-0.15139568,-0.685,-0.685,1.0
5400000,1.310124,99.0,-0.14021306,-0.62,-0.62,1.0
5410000,1.3594509,99.0,-0.15124513,-0.805,-0.805,1.0
5420000,1.3260249,99.0,-0.17710051,-0.695,-0.695,1.0
5430000,1.2787528,99.0,-0.16447966,-0.595,-0.595,1.0
5440000,1.334464,99.0,-0.17160493,-0.65,-0.65,1.0
5450000,1.3733964,99.0,-0.17871787,-0.95,-0.95,1.0
5460000,1.2924582,99.0,-0.18405364,-0.625,-0.625,1.0
5470000,1.3313121,99.0,-0.18366198,-0.645,-0.645,1.0
5480000,1.3587923,99.0,-0.18261646,-0.625,-0.625,1.0
5490000,1.3256896,99.0,-0.15899196,-0.545,-0.545,1.0
5500000,1.3398656,99.0,-0.15830076,-0.655,-0.655,1.0
5510000,1.3125026,99.0,-0.16734636,-0.695,-0.695,1.0
5520000,1.3922737,99.0,-0.1571012,-0.7,-0.7,1.0
5530000,1.4125122,99.0,-0.15228485,-0.57,-0.57,1.0
5540000,1.4173088,99.0,-0.18532111,-0.99,-0.99,1.0
5550000,1.3731211,99.0,-0.16317885,-0.69,-0.69,1.0
5560000,1.3695583,99.0,-0.16930635,-0.65,-0.65,1.0
5570000,1.4008453,99.0,-0.18175767,-0.82,-0.82,1.0
5580000,1.4082863,99.0,-0.18658943,-0.745,-0.745,1.0
